City_ID,City,Lat,Lng,Max Temp,Humidity,Cloudiness,Wind Speed,Country,Date
0,fort st. john,56.2499,-120.8529,292.09,27,75,10.8,CA,1715286715
1,ushuaia,-54.8,-68.3,275.94,75,0,2.06,AR,1715286541
2,grytviken,-54.2811,-36.5092,271.92,83,100,1.41,GS,1715286804
3,west island,-12.1568,96.8225,300.14,83,100,5.66,CC,1715286804
4,vadso,70.0744,29.7487,273.24,69,40,7.2,NO,1715286805
5,tulare,36.2666,-118.8009,297.43,23,0,1.34,US,1715286806
6,port elizabeth,-33.918,25.5701,288.31,95,20,1.03,ZA,1715286806
7,aykhal,66.0,111.5,261.79,97,100,2.21,RU,1715286800
8,kakata,6.53,-10.3517,300.64,95,94,1.18,LR,1715286807
9,hilo,19.7297,-155.09,300.0,74,75,4.12,US,1715286809
10,bethel,41.3712,-73.414,293.27,55,0,4.12,US,1715286567
11,port-aux-francais,-49.35,70.2167,278.84,91,91,16.49,TF,1715286810
12,moissala,8.3404,17.7663,305.3,25,100,2.37,TD,1715286811
13,yellowknife,62.456,-114.3525,290.44,23,40,4.63,CA,1715286811
14,coxim,-18.5067,-54.76,302.29,49,6,2.75,BR,1715286812
15,college,64.8569,-147.8028,284.52,46,75,4.63,US,1715286812
16,edinburgh of the seven seas,-37.0676,-12.3116,285.32,54,79,2.27,SH,1715286813
17,blackmans bay,-43.0167,147.3167,284.67,96,99,1.67,AU,1715286814
18,ad dilam,23.9915,47.1627,299.38,21,45,4.92,SA,1715286814
19,stanley,54.868,-1.6985,289.92,80,20,1.54,GB,1715286815
20,fort bragg,35.139,-79.006,300.48,72,40,7.2,US,1715286815
21,nicoya,10.1483,-85.452,306.72,54,91,3.17,CR,1715286545
22,carnarvon,-24.8667,113.6333,295.82,70,100,2.9,AU,1715286816
23,puryong,42.0606,129.7117,286.0,55,100,1.45,KP,1715286817
24,amuntai,-2.4177,115.2494,296.29,98,36,0.79,ID,1715286818
25,thompson,55.7435,-97.8558,286.24,71,75,3.09,CA,1715286818
26,udachny,66.4167,112.4,263.95,94,91,3.19,RU,1715286819
27,tabou,4.423,-7.3528,301.08,83,100,3.11,CI,1715286819
28,itoman,26.1247,127.6694,293.2,72,40,1.03,JP,1715286820
29,isafjordur,66.0755,-23.124,276.76,69,88,2.44,IS,1715286821
30,birzebbuga,35.8258,14.5269,290.46,88,20,5.66,MT,1715286821
31,fale old settlement,-9.3852,-171.2468,302.24,74,100,2.29,TK,1715286822
32,harstad,68.799,16.5293,276.57,95,90,10.28,NO,1715286822
33,novofedorivka,46.1713,32.3178,285.27,58,100,4.1,UA,1715286823
34,waitangi,-43.9535,-176.5597,281.94,87,99,0.89,NZ,1715286824
35,lamu,-2.2717,40.902,299.28,87,88,7.7,KE,1715286824
36,georgetown,5.4112,100.3354,301.45,89,40,1.54,MY,1715286579
37,darwin,-12.4611,130.8418,300.14,85,75,3.6,AU,1715286564
38,ulety,51.3572,112.4849,275.24,87,100,5.17,RU,1715286827
39,kruisfontein,-34.0033,24.7314,285.31,87,0,1.19,ZA,1715286827
40,lihue,21.9789,-159.3672,299.73,79,100,5.66,US,1715286828
41,nzerekore,7.7562,-8.8179,297.16,93,96,1.34,GN,1715286828
42,pacific grove,36.6177,-121.9166,298.91,63,0,9.39,US,1715286829
43,gao,16.6362,1.637,308.39,9,11,4.04,ML,1715286830
44,thunder bay,48.4001,-89.3168,286.1,41,20,4.63,CA,1715286830
45,aquiraz,-3.9014,-38.3911,302.69,84,100,3.45,BR,1715286674
46,quellon,-43.1167,-73.6167,281.68,83,69,4.7,CL,1715286743
47,olonkinbyen,70.9221,-8.7187,271.23,80,11,8.09,SJ,1715286832
48,queenstown,-31.8976,26.8753,292.3,38,40,1.63,ZA,1715286575
49,kotovo,50.3211,44.8012,275.44,57,50,1.36,RU,1715286737
50,hermanus,-34.4187,19.2345,287.06,75,0,4.61,ZA,1715286834
51,rio grande,-32.035,-52.0986,290.21,63,7,4.03,BR,1715286251
52,turkmenbasy,40.0222,52.9552,285.58,71,0,0.0,TM,1715286835
53,prince albert,53.2001,-105.7677,294.12,19,40,10.8,CA,1715286836
54,port lincoln,-34.7333,135.8667,286.63,83,0,3.67,AU,1715286836
55,adamstown,-25.066,-130.1015,294.91,75,70,3.3,PN,1715286837
56,whitehorse,60.7161,-135.0538,282.49,58,100,8.23,CA,1715286838
57,tazoult-lambese,35.4817,6.2607,281.68,82,5,1.92,DZ,1715286838
58,enewetak,11.3474,162.3373,300.67,75,81,8.5,MH,1715286839
59,tchaourou,8.8865,2.5975,302.52,59,98,2.12,BJ,1715286839
60,elko,41.0002,-115.5012,288.01,38,95,7.15,US,1715286840
61,kyshtovka,56.555,76.6271,288.9,59,100,4.02,RU,1715286841
62,nuuk,64.1835,-51.7216,275.49,75,20,5.14,GL,1715286660
63,peskovka,59.0448,52.3606,270.98,92,100,5.37,RU,1715286843
64,todos santos,23.45,-110.2167,306.65,56,84,4.45,MX,1715286843
65,la ronge,55.1001,-105.2842,292.29,24,40,9.77,CA,1715286844
66,badger,64.8,-147.5333,284.47,46,75,4.63,US,1715286844
67,ramos arizpe,25.55,-100.9667,311.37,6,48,6.62,MX,1715286759
68,nar'yan-mar,67.6713,53.087,271.54,95,100,11.62,RU,1715286797
69,tvoroyri,61.5556,-6.8111,280.81,82,100,8.22,FO,1715286846
70,hawaiian paradise park,19.5933,-154.9731,299.88,76,75,4.12,US,1715286847
71,yaren,-0.5472,166.916,301.93,71,58,3.68,NR,1715286767
72,hamilton,39.1834,-84.5333,295.7,85,100,6.26,US,1715286847
73,antonio enes,-16.2325,39.9086,297.58,79,0,2.6,MZ,1715286848
74,qaqortoq,60.7167,-46.0333,277.16,67,100,1.26,GL,1715286557
75,puerto natales,-51.7236,-72.4875,274.4,93,75,1.03,CL,1715286826
76,patiya,22.2931,91.9762,297.54,88,93,1.53,BD,1715286850
77,yuzhno-kurilsk,44.0306,145.8556,276.14,95,99,3.11,RU,1715286851
78,grand falls-windsor,48.9332,-55.6649,282.87,66,100,3.58,CA,1715286851
79,nova sintra,14.8667,-24.7167,297.11,78,12,10.83,CV,1715286852
80,sandnessjoen,66.0217,12.6316,278.38,81,75,4.63,NO,1715286853
81,kenai,60.5544,-151.2583,277.2,94,100,3.09,US,1715286797
82,bilibino,68.0546,166.4372,270.42,91,100,0.58,RU,1715286742
83,jamestown,42.097,-79.2353,289.27,49,100,2.24,US,1715286854
84,longyearbyen,78.2186,15.6401,274.06,69,75,7.72,SJ,1715286689
85,bredasdorp,-34.5322,20.0403,285.09,91,0,2.8,ZA,1715286856
86,romblon,12.5751,122.2708,302.17,71,14,2.93,PH,1715286857
87,talnakh,69.4865,88.3972,257.71,82,13,1.6,RU,1715286799
88,punta arenas,-53.15,-70.9167,278.21,65,75,1.03,CL,1715286632
89,kapuskasing,49.4169,-82.4331,288.2,31,20,6.17,CA,1715286859
90,primorsk,46.7348,36.3443,283.68,54,62,5.42,UA,1715286859
91,puerto ayora,-0.7393,-90.3518,301.13,92,99,0.89,EC,1715286860
92,utrik,11.2278,169.8474,300.28,77,94,8.41,MH,1715286861
93,melfort,52.8667,-104.6177,294.22,19,4,8.23,CA,1715286861
94,papatowai,-46.5619,169.4708,281.0,82,98,6.91,NZ,1715286862
95,lompoc,34.6391,-120.4579,298.23,57,0,5.14,US,1715286862
96,mil'kovo,55.6078,37.7956,276.12,64,44,3.75,RU,1715286863
97,dudinka,69.4058,86.1778,257.97,97,27,2.68,RU,1715286863
98,minas de marcona,-15.2119,-75.1103,291.58,60,4,6.98,PE,1715286864
99,kudahuvadhoo,2.6708,72.8944,302.67,74,100,5.02,MV,1715286865
100,margaret river,-33.95,115.0667,292.6,84,37,6.9,AU,1715286865
101,petropavlovsk-kamchatsky,53.0452,158.6483,276.73,66,0,6.26,RU,1715286741
102,tiksi,71.6872,128.8694,267.04,92,100,1.75,RU,1715286866
103,kingston,17.997,-76.7936,304.68,70,40,6.17,JM,1715286747
104,marrakesh,31.6315,-8.0083,304.19,22,75,1.03,MA,1715286868
105,hithadhoo,-0.6,73.0833,301.81,80,100,4.93,MV,1715286868
106,harper,4.375,-7.7169,300.84,85,100,3.14,LR,1715286869
107,crane,31.3974,-102.3501,305.72,11,0,6.0,US,1715286869
108,anqiu,36.4342,119.1925,287.74,65,10,5.79,CN,1715286870
109,kfar yasif,32.9545,35.1623,295.61,71,6,1.6,IL,1715286871
110,xanxere,-26.8769,-52.4042,290.21,99,100,1.24,BR,1715286871
111,kodiak,57.79,-152.4072,276.88,81,100,4.12,US,1715286872
112,estevan,49.1334,-102.9842,294.34,46,40,9.77,CA,1715286740
113,chonchi,-42.6128,-73.8092,283.77,81,47,3.42,CL,1715286873
114,bardai,11.65,7.2333,305.83,30,94,4.86,NG,1715286874
115,chegdomyn,51.1167,133.0167,275.79,61,1,0.37,RU,1715286874
116,ilulissat,69.2167,-51.1,271.16,69,20,4.12,GL,1715286875
117,haiku-pauwela,20.9219,-156.3051,300.16,73,40,3.6,US,1715286875
118,aban,56.67,96.06,275.43,89,96,1.24,RU,1715286876
119,port douglas,-16.4833,145.4667,296.77,86,99,4.57,AU,1715286877
120,cole harbour,44.6724,-63.4751,280.89,93,100,5.66,CA,1715286877
121,albany,42.6001,-73.9662,291.8,51,84,0.89,US,1715286601
122,tannum sands,-23.9504,151.3693,293.57,83,40,3.6,AU,1715286878
123,luau,-10.7073,22.2247,292.17,55,16,1.87,AO,1715286879
124,san patricio,28.017,-97.5169,309.55,51,99,3.4,US,1715286880
125,kiffa,16.6166,-11.4045,308.67,3,0,1.98,MR,1715286880
126,iqaluit,63.7506,-68.5145,272.0,74,40,2.57,CA,1715286613
127,bhowali,29.3833,79.5167,290.3,62,100,1.7,IN,1715286881
128,dabou,5.3256,-4.3769,301.16,83,99,3.78,CI,1715286882
129,urumqi,43.801,87.6005,290.68,30,0,4.0,CN,1715286883
130,olyokminsk,60.3736,120.4264,272.88,82,79,1.89,RU,1715286883
131,port mathurin,-19.6833,63.4167,298.37,76,100,10.09,MU,1715286884
132,lazaro cardenas,17.9583,-102.2,300.79,60,78,4.43,MX,1715286884
133,fujinomiya,35.2167,138.6167,283.75,71,0,2.39,JP,1715286885
134,christiana,-27.914,25.1611,292.46,30,2,4.14,ZA,1715286886
135,khandyga,62.6667,135.6,273.6,88,100,1.36,RU,1715286886
136,guayaramerin,-10.8368,-65.3614,297.76,87,100,1.64,BO,1715286887
137,arrah,25.5667,84.6667,298.09,55,11,4.2,IN,1715286887
138,nishinoomote,30.7333,131.0,291.16,62,89,1.82,JP,1715286888
139,luderitz,-26.6481,15.1594,287.26,84,0,5.13,NA,1715286889
140,kayangel,8.0823,134.7173,299.27,88,100,1.48,PW,1715286889
141,arkhangel'sk,64.5401,40.5433,271.0,100,100,8.0,RU,1715286862
142,san pedro pochutla,15.7333,-96.4667,305.99,36,97,4.11,MX,1715286891
143,bagua grande,-5.7561,-78.4411,305.94,53,78,1.63,PE,1715286891
144,el bauga,18.262,33.9081,304.31,13,5,4.79,SD,1715286892
145,dapa,9.7594,126.0531,300.28,78,82,3.37,PH,1715286892
146,los frentones,-26.4077,-61.4137,289.8,44,100,1.69,AR,1715286893
147,alice springs,-23.7,133.8833,285.9,94,100,0.0,AU,1715286894
148,lebu,-37.6167,-73.65,284.46,80,82,2.67,CL,1715286894
149,bertioga,-23.8544,-46.1386,298.16,94,100,2.06,BR,1715286895
150,malango,-2.9627,119.9001,291.84,97,80,0.98,ID,1715286895
151,mogadishu,2.0371,45.3438,300.74,84,89,6.8,SO,1715286699
152,kattivakkam,13.2167,80.3167,304.32,85,4,4.26,IN,1715286897
153,akjoujt,19.6969,-14.4164,308.55,8,98,6.39,MR,1715286897
154,wynyard,-41.0,145.7167,286.09,79,100,5.36,AU,1715286898
155,rach gia,10.0167,105.0833,301.3,83,88,3.94,VN,1715286898
156,chadron,42.8294,-102.9999,284.01,87,100,4.63,US,1715286899
157,likasi,-10.9814,26.7333,288.9,71,8,1.09,CD,1715286900
158,mount pearl,47.5166,-52.7813,281.66,74,75,4.12,CA,1715286900
159,sitka,57.0531,-135.33,285.09,76,100,7.72,US,1715286901
160,ust'-uda,54.1742,103.0304,278.22,77,100,6.39,RU,1715286902
161,dunedin,-45.8742,170.5036,281.37,97,100,2.68,NZ,1715286678
162,kuala belait,4.5833,114.1833,299.24,91,90,2.11,BN,1715286903
163,invercargill,-46.4,168.35,282.05,83,93,3.58,NZ,1715286904
164,westport,41.1415,-73.3579,293.82,53,0,2.57,US,1715286607
165,itaituba,-4.2761,-55.9836,307.24,59,20,1.54,BR,1715286905
166,hailar,49.2,119.7,281.56,67,60,8.37,CN,1715286906
167,cabo san lucas,22.8909,-109.9124,304.05,45,20,6.17,MX,1715286906
168,codrington,-38.2667,141.9667,286.63,89,100,3.4,AU,1715286907
169,pisco,-13.7,-76.2167,293.72,88,0,4.12,PE,1715286908
170,igarka,67.4667,86.5833,272.6,99,96,5.81,RU,1715286908
171,saguenay,48.4168,-71.0657,285.61,46,100,2.06,CA,1715286675
172,guerrero negro,27.9769,-114.0611,292.94,56,35,7.69,MX,1715286909
173,kone,-21.0595,164.8658,293.89,62,8,1.49,NC,1715286910
174,flying fish cove,-10.4217,105.6791,299.97,83,75,6.17,CX,1715286911
175,sao gabriel da cachoeira,-0.1303,-67.0892,301.62,86,91,0.8,BR,1715286912
176,slavgorod,52.9978,78.6449,290.97,48,100,5.32,RU,1715286912
177,vernon,50.2581,-119.2691,298.11,21,56,2.06,CA,1715286913
178,mirabad,30.4362,61.8383,295.44,48,0,10.79,AF,1715286914
179,sittwe,20.15,92.9,300.24,75,0,4.41,MM,1715286914
180,newman,37.3138,-121.0208,301.09,37,6,3.13,US,1715286776
181,wuhai,39.6647,106.8122,293.78,26,89,5.42,CN,1715286915
182,vuktyl,63.8567,57.3094,269.88,94,9,2.24,RU,1715286916
183,tamanrasset,22.785,5.5228,302.1,7,0,4.63,DZ,1715286917
184,plouzane,48.3833,-4.6167,288.18,82,0,4.63,FR,1715286837
185,eunice,30.4944,-92.4176,303.68,61,86,4.74,US,1715286918
186,nelson,-41.2833,173.2833,279.75,53,0,0.68,NZ,1715286918
187,vorkuta,67.5,64.0,270.99,74,100,9.39,RU,1715286736
188,ust'-ilimsk,58.0006,102.6619,273.95,90,53,1.79,RU,1715286920
189,xinyuan,37.3,99.0,276.38,89,100,3.93,CN,1715286920
190,rantauprapat,2.1,99.8333,296.72,97,92,1.1,ID,1715286921
191,bar-sur-aube,48.25,4.5833,287.5,89,89,2.62,FR,1715286921
192,saint-pierre,-21.3393,55.4781,294.97,68,0,3.6,RE,1715286923
193,kapa'a,22.0752,-159.319,300.14,83,100,5.66,US,1715286907
194,warah,27.4481,67.7978,308.33,20,2,4.75,PK,1715286924
195,kavieng,-2.5744,150.7967,300.62,82,100,1.82,PG,1715286859
196,anadyr,64.75,177.4833,267.43,73,20,3.0,RU,1715286926
197,riyadh,24.6877,46.7219,300.23,19,67,5.86,SA,1715286863
198,bonthe,7.5264,-12.505,301.84,81,51,3.81,SL,1715286927
199,st. john's,47.5649,-52.7093,282.12,75,75,4.12,CA,1715286927
200,camarinas,43.1311,-9.1817,291.44,74,93,2.57,ES,1715286928
201,louisville,38.2542,-85.7594,299.94,62,75,8.23,US,1715286724
202,baise city,23.8997,106.6133,298.34,99,100,1.24,CN,1715286929
203,sovetskiy,61.3614,63.5842,274.76,88,63,3.13,RU,1715286930
204,imperatriz,-5.5264,-47.4917,305.18,58,20,2.57,BR,1715286930
205,ciudad lazaro cardenas,17.9583,-102.2,300.79,60,78,4.43,MX,1715286832
206,wailua homesteads,22.0669,-159.378,299.39,83,100,5.66,US,1715286932
207,egilsstadir,65.2653,-14.3948,282.1,34,0,2.57,IS,1715286932
208,as safirah,36.077,37.3725,295.67,23,18,3.55,SY,1715286933
209,antsiranana,-12.2787,49.2917,297.99,68,15,7.0,MG,1715286933
210,margate,51.3813,1.3862,287.98,79,14,1.34,GB,1715286934
211,nova vicosa,-17.8919,-39.3719,299.22,82,4,2.42,BR,1715286935
212,kokpekty,48.75,82.4,286.14,60,86,1.82,KZ,1715286935
213,constantia,44.1833,28.65,283.54,68,100,5.28,RO,1715286735
214,salinopolis,-0.6136,-47.3561,300.07,87,97,5.3,BR,1715286936
215,waliso,8.5333,37.9833,289.62,88,80,0.95,ET,1715286937
216,papao,-17.75,-149.55,302.97,74,37,5.98,PF,1715286938
217,atafu village,-8.5421,-172.5159,302.44,74,99,2.41,TK,1715286716
218,east london,-33.0153,27.9116,294.14,82,28,0.73,ZA,1715286939
219,ostersund,63.1792,14.6357,276.82,70,75,9.26,SE,1715286939
220,nemuro,43.3236,145.575,277.76,89,73,3.45,JP,1715286940
221,safranbolu,41.2508,32.6942,285.37,91,100,0.91,TR,1715286941
222,broken hill,-31.95,141.4333,284.58,95,11,2.32,AU,1715286941
223,ambon,-3.6954,128.1814,299.75,16,40,1.03,ID,1715286942
224,sechura,-5.5569,-80.8222,299.85,59,100,6.96,PE,1715286942
225,sao joao da barra,-21.6403,-41.0511,300.2,87,26,5.71,BR,1715286854
226,sarupathar,26.1984,93.8094,293.1,87,90,1.09,IN,1715286944
227,praya,14.9215,-23.5087,298.45,69,40,6.69,CV,1715286944
228,lata,40.1629,-8.3327,289.12,69,0,0.29,PT,1715286945
229,island harbour,50.724,-1.2758,288.19,86,74,1.05,GB,1715286945
230,nsanje,-16.92,35.262,293.33,79,4,1.44,MW,1715286946
231,mana,5.6592,-53.7767,299.68,87,100,4.24,GF,1715286947
232,tromso,69.6496,18.957,276.16,87,75,4.12,NO,1715286801
233,acarau,-2.8856,-40.12,300.22,87,98,4.51,BR,1715286652
234,coruripe,-10.1256,-36.1756,298.88,77,14,4.49,BR,1715286949
235,pankshin,9.3333,9.45,298.06,56,78,1.82,NG,1715286950
236,weno,7.4515,151.8468,302.12,79,100,4.63,FM,1715286950
237,rahuri,19.3833,74.65,303.45,45,0,2.46,IN,1715286951
238,ryotsu-minato,38.0833,138.4333,283.54,70,26,2.42,JP,1715286951
239,paracuru,-3.41,-39.0306,302.65,85,99,3.91,BR,1715286952
240,inhambane,-23.865,35.3833,294.19,83,0,1.86,MZ,1715286953
241,avarua,-21.2078,-159.775,301.18,78,40,5.66,CK,1715286661
242,tazovsky,67.4667,78.7,267.73,96,100,6.13,RU,1715286954
243,mbandaka,0.0487,18.2603,296.09,96,99,2.76,CD,1715286954
244,gamarra,8.3228,-73.7427,301.11,88,100,1.13,CO,1715286955
245,bridgewater,44.3835,-64.5155,281.54,94,100,2.06,CA,1715286764
246,harar,9.3094,42.1258,290.02,84,14,1.55,ET,1715286956
247,okhotsk,59.3833,143.3,273.02,96,100,7.17,RU,1715286957
248,marquette,46.5333,-87.6335,286.07,63,4,4.02,US,1715286801
249,grande prairie,55.1667,-118.8027,296.25,21,40,8.75,CA,1715286906
250,labuan,5.2767,115.2417,299.35,94,20,0.0,MY,1715286959
251,xining,36.6167,101.7667,287.2,44,100,5.14,CN,1715286960
252,dakoro,14.5106,6.765,308.73,12,74,2.24,NE,1715286960
253,puerto montt,-41.4698,-72.9447,284.61,71,40,2.06,CL,1715286712
254,port alfred,-33.5906,26.891,288.81,95,0,0.52,ZA,1715286962
255,ataq,14.5377,46.8319,299.01,60,98,3.12,YE,1715286962
256,tura,25.5198,90.2201,294.05,86,100,1.24,IN,1715286963
257,ust-nera,64.5667,143.2,275.59,92,100,1.78,RU,1715286963
258,puerto baquerizo moreno,-0.9,-89.6,300.7,69,40,8.23,EC,1715286964
259,pangoa,-12.1167,-73.0,300.48,73,85,1.62,PE,1715286965
260,basco,20.4487,121.9702,299.11,72,99,8.54,PH,1715286965
261,nikolayevsk-on-amure,53.1406,140.73,276.6,96,88,1.79,RU,1715286966
262,baukau,51.5526,7.2042,289.07,74,40,1.32,DE,1715286966
263,hotan,37.0997,79.9269,296.6,12,0,3.15,CN,1715286967
264,solnechnyy,50.7214,136.6319,277.06,61,2,1.44,RU,1715286968
265,tubarjal,30.4999,38.216,298.38,15,9,4.78,SA,1715286968
266,filipstad,59.7124,14.1683,283.21,96,99,0.64,SE,1715286969
267,ribeira grande,38.5167,-28.7,291.37,82,20,4.12,PT,1715286969
268,strathmore,51.0501,-113.3852,293.9,29,32,2.06,CA,1715286970
269,isangel,-19.55,169.2667,293.21,83,20,0.0,VU,1715286971
270,ludlow,42.1601,-72.4759,294.3,45,40,3.6,US,1715286971
271,el calafate,-50.3408,-72.2768,274.34,92,99,0.87,AR,1715286716
272,san matias,-16.3667,-58.4,305.96,39,0,2.7,BO,1715286973
273,baharly,38.4362,57.4316,292.9,39,100,1.82,TM,1715286973
274,sisimiut,66.9395,-53.6735,272.3,73,10,3.32,GL,1715286677
275,tidjikja,18.5564,-11.4271,308.49,7,67,3.1,MR,1715286974
276,coquimbo,-29.9533,-71.3436,287.0,82,100,3.6,CL,1715286975
277,fortuna,40.5982,-124.1573,299.78,49,20,5.66,US,1715286976
278,malpica,43.3228,-8.8105,293.24,67,59,1.17,ES,1715286976
279,iskateley,67.6803,53.1512,271.49,95,100,11.62,RU,1715286977
280,plastun,44.7561,136.2939,280.26,55,74,2.6,RU,1715286737
281,leshan,29.5623,103.7639,292.02,90,100,0.63,CN,1715286978
282,ponta delgada,37.7333,-25.6667,291.59,77,20,6.17,PT,1715286938
283,new norfolk,-42.7826,147.0587,285.33,97,99,0.66,AU,1715286979
284,villa rica,33.7321,-84.9191,296.45,45,29,4.57,US,1715286886
285,tumayr,25.7039,45.868,298.79,19,65,6.12,SA,1715286980
286,nyala,12.05,24.8833,302.44,10,32,5.21,SD,1715286982
287,tazacorte,28.629,-17.9293,293.79,88,20,6.69,ES,1715286982
288,aasiaat,68.7098,-52.8699,267.97,77,74,2.53,GL,1715286983
289,hadibu,12.65,54.0333,301.98,73,92,0.81,YE,1715286983
290,karachi,24.9056,67.0822,301.05,78,40,2.06,PK,1715286861
291,hanamaki,39.3833,141.1167,281.08,74,14,0.64,JP,1715286985
292,eyl,7.9803,49.8164,301.96,83,60,3.94,SO,1715286985
293,goba,7.0167,39.9833,283.76,93,67,1.21,ET,1715286986
294,rio rico,31.4715,-110.9765,302.07,18,0,6.69,US,1715286986
295,dickson,36.077,-87.3878,301.39,62,0,3.6,US,1715286426
296,kolonia,50.9333,6.95,289.24,78,0,2.57,DE,1715286926
297,madras,13.0878,80.2785,304.26,82,40,3.13,IN,1715286988
298,mata-utu,-13.2816,-176.1745,301.43,76,100,7.15,WF,1715286989
299,acapulco de juarez,16.8634,-99.8901,302.05,70,0,4.12,MX,1715286727
300,mangrol,21.1167,70.1167,300.64,85,0,4.48,IN,1715286991
301,bull savanna,17.8868,-77.5902,300.67,73,78,5.77,JM,1715286991
302,sorong,-0.8833,131.25,299.52,89,100,4.32,ID,1715286992
303,arar,30.9753,41.0381,296.16,14,0,5.14,SA,1715286992
304,bavly,54.393,53.2602,274.42,56,15,5.18,RU,1715286993
305,roma,43.2128,-75.4557,291.77,47,0,0.89,US,1715286934
306,ust'-kalmanka,52.1207,83.305,288.08,65,99,2.12,RU,1715286994
307,mejit,10.2753,170.8646,300.52,84,49,8.91,MH,1715286995
308,novyy urengoy,66.0833,76.6333,272.8,98,100,9.0,RU,1715286996
309,manadhoo,5.7667,73.3833,302.24,79,100,6.13,MV,1715286996
310,bani walid,31.7566,13.9942,290.73,51,0,7.56,LY,1715286840
311,emerald,-23.5333,148.1667,291.12,82,100,5.39,AU,1715286998
312,kalispell,48.1958,-114.3129,294.92,41,0,3.6,US,1715286999
313,zaozersk,69.4005,32.4476,266.63,90,84,1.93,RU,1715286999
314,suva,-18.1416,178.4415,292.86,88,40,2.57,FJ,1715287000
315,ishigaki,24.3448,124.1572,296.22,68,40,4.12,JP,1715287001
316,san antonio de pale,-1.4014,5.6325,300.02,90,87,6.63,GQ,1715287001
317,tolanaro,-25.0319,46.9987,297.19,78,20,8.23,MG,1715287002
318,smithers,54.7804,-127.1743,290.33,36,75,1.54,CA,1715287002
319,levuka,50.1834,-105.4011,293.99,26,20,11.32,CA,1715287003
320,nouadhibou,20.931,-17.0347,293.14,83,20,8.23,MR,1715287004
321,bata,1.8639,9.7658,300.66,87,98,2.57,GQ,1715287004
322,alamosa,37.4695,-105.87,280.84,59,100,2.95,US,1715287005
323,blagoveshchenka,52.8333,79.8667,289.67,61,100,5.6,RU,1715287005
324,hammerfest,70.6634,23.6821,274.4,86,75,6.69,NO,1715287006
325,lubang,13.8584,120.124,301.95,76,71,9.22,PH,1715287007
326,kanniyakumari,8.0833,77.5667,302.5,75,100,1.96,IN,1715287007
327,mutuali,-14.8706,37.0044,294.15,69,95,1.57,MZ,1715287008
328,port blair,11.6667,92.75,302.21,77,100,1.69,IN,1715287009
329,san juan de miraflores,-12.1629,-76.9635,292.44,80,87,1.89,PE,1715287009
330,okha,53.5739,142.9478,276.62,93,100,2.68,RU,1715286737
331,horta,38.5333,-28.6333,290.95,87,20,4.12,PT,1715287010
332,senges,-24.1128,-49.4636,297.25,58,34,0.77,BR,1715287011
333,saipan,15.1355,145.701,301.54,83,75,5.66,MP,1715287012
334,as sulayyil,20.4607,45.5779,305.29,33,48,2.98,SA,1715287012
335,al jawf,29.5,38.75,299.24,14,5,7.7,SA,1715287013
336,krasnosilka,46.6226,30.7742,285.51,59,68,5.48,UA,1715287014
337,crieff,56.3727,-3.8389,288.35,90,100,1.35,GB,1715287015
338,griffith,41.5284,-87.4237,287.42,92,100,5.66,US,1715287015
339,fomboni,-12.28,43.7425,301.55,68,24,6.44,KM,1715287016
340,katsuura,35.1333,140.3,287.11,66,0,1.71,JP,1715287017
341,howrah,22.5892,88.3103,297.15,88,75,2.06,IN,1715287017
342,jianshui,23.6363,102.8264,290.29,94,100,2.03,CN,1715287018
343,polyarnyy,69.1989,33.4478,270.15,84,100,3.57,RU,1715286799
344,gillette,44.2911,-105.5022,284.63,68,100,8.23,US,1715286790
345,vila franca do campo,37.7167,-25.4333,291.42,99,49,2.03,PT,1715287020
346,porbandar,21.6422,69.6093,300.9,85,0,4.1,IN,1715286793
347,zhangjiakou,40.81,114.8794,291.71,48,100,3.05,CN,1715287021
348,san luis de la loma,17.2706,-100.8939,302.68,53,65,4.4,MX,1715287022
349,i-n-salah,27.1935,2.4607,301.51,13,0,6.27,DZ,1715287022
350,madaripur,23.1753,90.2072,297.89,76,100,0.58,BD,1715287023
351,mandalgovi,45.7625,106.2708,274.61,68,12,12.47,MN,1715287024
352,vengerovo,55.6848,76.7471,289.85,56,100,4.4,RU,1715287024
353,bandarbeyla,9.4942,50.8122,301.88,80,53,2.44,SO,1715287025
354,vila velha,-20.3297,-40.2925,300.34,83,0,4.12,BR,1715287025
355,keflavik,64.0049,-22.5624,281.1,65,0,3.6,IS,1715287027
356,santo augusto,-27.8508,-53.7772,289.77,85,95,2.72,BR,1715287027
357,changli,39.7042,119.1506,289.01,54,97,3.25,CN,1715287028
358,la passe,45.5549,-0.8967,292.28,89,9,4.99,FR,1715287029
359,midoun,33.8081,10.9923,293.07,68,45,9.83,TN,1715287029
360,zhaqsy,51.9083,67.3133,280.84,85,76,5.13,KZ,1715287030
361,masterton,-40.9597,175.6575,277.09,71,2,2.3,NZ,1715287030
362,el porvenir,13.7617,-87.3458,306.78,56,95,2.57,HN,1715287031
363,paranaiba,-19.6772,-51.1908,299.79,41,56,1.11,BR,1715287032
364,korla,41.7597,86.1469,292.75,18,0,2.2,CN,1715287033
365,west bay,19.3667,-81.4167,305.19,62,20,5.14,KY,1715287034
366,kokopo,-4.352,152.2633,298.42,85,100,1.77,PG,1715287034
367,flekkefjord,58.2971,6.6607,283.68,98,96,2.32,NO,1715287035
368,qarqin,37.4185,66.0436,293.86,66,100,5.75,AF,1715287035
369,colonia menno,-22.3667,-59.8167,290.16,79,100,3.27,PY,1715287036
370,el alto,-4.2714,-81.2147,298.96,72,31,5.53,PE,1715287036
371,tucuma,-0.1833,-50.05,299.18,91,95,3.53,BR,1715287037
372,portland,45.5234,-122.6762,300.84,31,20,8.23,US,1715286951
373,cody,44.5263,-109.0565,283.26,74,100,5.66,US,1715286763
374,galle,6.0367,80.217,301.18,78,80,1.59,LK,1715287039
375,saacow,1.6279,42.4407,298.5,90,96,4.26,SO,1715287039
376,nalut,30.3333,10.85,291.66,32,0,4.25,LY,1715287040
377,xucheng,20.35,110.1288,297.73,91,23,3.51,CN,1715287041
378,tsiombe,-25.3,45.4833,294.45,78,0,2.61,MG,1715287041
379,toulepleu guere,6.574,-8.4259,298.04,93,92,1.64,CI,1715287042
380,vlore,40.4667,19.4897,290.83,87,100,4.7,AL,1715287042
381,kananga,-5.8958,22.4178,295.5,94,100,1.29,CD,1715287043
382,monclova,26.9,-101.4167,314.61,8,2,3.58,MX,1715286777
383,havre,49.5833,0.3333,287.37,88,42,4.12,FR,1715287044
384,grantsville,40.5999,-112.4644,290.86,49,40,6.69,US,1715287045
385,gisborne,-38.6533,178.0042,284.7,67,100,10.85,NZ,1715287045
386,prado,-17.3411,-39.2208,298.8,82,1,1.75,BR,1715287046
387,rexburg,43.826,-111.7897,291.88,28,75,6.69,US,1715286771
388,skovorodino,53.9833,123.9167,276.28,62,97,3.6,RU,1715287047
389,shangzhi,45.2167,127.9667,284.05,34,100,4.82,CN,1715286957
390,xaltianguis,17.0667,-99.8333,297.88,38,61,3.82,MX,1715287048
391,gulbene,57.1777,26.7529,277.68,93,100,2.25,LV,1715287049
392,touros,-5.1989,-35.4608,300.18,85,98,5.07,BR,1715287050
393,aioun,16.6614,-9.6149,309.79,5,0,3.49,MR,1715287050
394,naze,28.3667,129.4833,292.66,69,97,3.36,JP,1715287051
395,calvinia,-31.4707,19.776,288.1,54,0,2.21,ZA,1715287051
396,hasaki,35.7333,140.8333,278.37,58,0,3.05,JP,1715287052
397,yar,58.249,52.1026,271.4,93,99,6.99,RU,1715287053
398,talcahuano,-36.7167,-73.1167,286.97,72,40,4.12,CL,1715287053
399,qarazhal,48.0078,70.7903,288.97,59,100,3.52,KZ,1715287054
400,cuatro cienegas de carranza,26.9833,-102.0833,313.03,5,0,4.62,MX,1715287054
401,newport,51.5877,-2.9984,291.3,82,99,0.77,GB,1715286981
402,mingguang,32.7802,117.9638,287.45,83,0,3.21,CN,1715287056
403,potosi,-19.5836,-65.7531,291.63,32,75,2.57,BO,1715287056
404,ciutadella,40.0011,3.8414,288.6,81,0,2.46,ES,1715287057
405,awjilah,29.1081,21.2869,292.37,64,79,8.23,LY,1715287057
406,vryburg,-26.9566,24.7284,291.64,32,0,3.9,ZA,1715287058
407,uray,60.1247,64.7758,272.52,81,15,3.58,RU,1715287059
408,wanlaweyn,2.6185,44.8938,299.61,84,99,5.51,SO,1715287059
409,brookings,44.3114,-96.7984,292.34,49,75,5.66,US,1715286762
410,vilyuchinsk,52.9306,158.4028,277.55,69,6,3.09,RU,1715287061
411,alcobaca,39.5522,-8.9775,292.23,85,0,0.26,PT,1715287061
412,dedovichi,57.5517,29.9502,275.02,82,96,3.27,RU,1715287062
413,nybro,56.7446,15.9071,285.4,91,100,4.58,SE,1715286935
414,javea,38.7833,0.1667,293.68,49,100,8.05,ES,1715287063
415,groningen,53.25,6.75,287.11,87,17,2.06,NL,1715287064
416,melipilla,-33.7,-71.2167,292.4,58,100,2.44,CL,1715287064
417,cadale,2.7603,46.3222,301.27,81,92,7.5,SO,1715287065
418,gagarin,55.5529,34.9954,272.6,64,43,3.92,RU,1715287066
419,al majaridah,19.1236,41.9111,304.38,55,0,1.32,SA,1715286940
420,vacaria,-28.5122,-50.9339,288.69,86,95,1.25,BR,1715287067
421,mossel bay,-34.1831,22.146,285.11,85,2,1.29,ZA,1715287068
422,mitu,1.1983,-70.1733,300.0,95,94,0.85,CO,1715287068
423,enriquillo,17.9,-71.2333,304.97,74,88,3.07,DO,1715287069
424,dong ha,16.8163,107.1003,297.44,96,75,0.69,VN,1715287069
425,ust-tsilma,65.441,52.1498,269.6,93,10,3.58,RU,1715287070
426,orlov,58.5395,48.8917,272.18,94,100,6.56,RU,1715287071
427,shingu,33.7333,135.9833,283.11,46,0,2.18,JP,1715287071
428,conduaga,8.862,117.4893,298.67,87,15,1.61,PH,1715287072
429,hizan,38.2257,42.4278,283.38,67,100,0.81,TR,1715287072
430,maceio,-9.6658,-35.7353,301.84,74,40,4.12,BR,1715286844
431,yenangyaung,20.4667,94.8833,302.41,52,0,5.57,MM,1715287074
432,ketchikan,55.3422,-131.6461,284.14,93,100,4.12,US,1715287074
433,torbat-e heydariyeh,35.274,59.2195,284.58,71,100,7.58,IR,1715287075
434,isla vista,34.4133,-119.861,298.35,70,0,4.63,US,1715287076
435,dabakala,8.3667,-4.4333,300.52,64,97,0.74,CI,1715287077
436,bundaberg,-24.85,152.35,291.05,95,98,2.24,AU,1715287077
437,vershino-darasunskiy,52.35,115.5167,275.91,89,87,1.74,RU,1715287078
438,seme,15.1942,-12.9448,311.69,11,48,3.0,SN,1715287079
439,zhezqazghan,47.7833,67.7667,286.45,70,100,3.77,KZ,1715287079
440,bozhou,33.8772,115.7703,288.26,67,0,3.43,CN,1715286902
441,boqueirao,-7.5,-36.1333,297.9,93,38,4.11,BR,1715287080
442,sinabang,2.4803,96.3801,299.95,86,100,1.34,ID,1715287081
443,kalmunai,7.4167,81.8167,300.26,85,99,1.72,LK,1715287082
444,san pedro de ycuamandiyu,-24.0917,-57.0764,297.43,69,41,3.28,PY,1715287082
445,sylvan lake,52.3168,-114.0853,292.91,24,0,4.63,CA,1715287083
446,middlebury (village),44.0153,-73.1673,289.51,53,100,5.14,US,1715287083
447,afaahiti,-17.75,-149.2833,302.08,78,88,6.34,PF,1715287084
448,faya-largeau,17.9257,19.1043,310.24,12,2,4.1,TD,1715287085
449,amga,60.8953,131.9608,272.16,67,36,2.82,RU,1715287085
450,birao,10.2849,22.7882,303.54,13,96,2.09,CF,1715287086
451,ambalangoda,6.2355,80.0538,300.53,82,100,1.62,LK,1715287087
452,changuinola,9.4333,-82.5167,303.04,71,93,2.87,PA,1715287087
453,keningau,5.3378,116.1602,293.99,100,80,0.93,MY,1715287088
454,imbituba,-28.24,-48.6703,290.39,87,100,3.95,BR,1715287089
455,vorgashor,67.5833,63.95,270.82,74,100,9.05,RU,1715287089
456,praia da vitoria,38.7333,-27.0667,293.29,68,20,1.78,PT,1715287090
457,katsuren-haebaru,26.3369,127.8719,293.2,80,75,1.54,JP,1715287090
458,inskoy,54.4297,86.44,283.76,58,100,3.54,RU,1715287091
459,bahia honda,22.9036,-83.1592,305.85,52,17,3.83,CU,1715287092
460,winfield,37.2398,-96.9956,298.58,42,7,1.34,US,1715287008
461,bengkulu,-3.8004,102.2655,298.12,88,68,1.81,ID,1715287094
462,greenville,35.6127,-77.3663,301.16,64,0,5.14,US,1715286946
463,mount isa,-20.7333,139.5,292.02,88,40,4.12,AU,1715287095
464,bodo,67.28,14.405,278.17,84,75,9.26,NO,1715286897
465,al mutayrifi,25.4788,49.5576,297.34,24,2,3.67,SA,1715287096
466,harpswell center,43.8018,-69.9842,286.2,82,100,6.06,US,1715287097
467,galveston,29.3669,-94.9669,304.21,82,100,5.66,US,1715287070
468,lerwick,60.1545,-1.1494,282.15,79,100,3.5,GB,1715287098
469,geraldton,-28.7667,114.6,293.38,64,100,6.17,AU,1715287098
470,labin,45.095,14.1197,291.29,72,96,6.0,HR,1715287099
471,mount gambier,-37.8333,140.7667,282.45,90,79,1.16,AU,1715287101
472,usogorsk,63.4106,48.6872,274.08,98,97,2.65,RU,1715287101
473,malanville,11.8685,3.3899,309.4,35,92,1.33,BJ,1715287102
474,abomsa,9.9833,39.9833,296.91,62,93,1.76,ET,1715287103
475,tual,-5.6667,132.75,301.13,80,100,5.92,ID,1715287103
476,sao jose,-28.2333,-49.1667,289.15,99,100,0.98,BR,1715287104
477,kovdor,67.5662,30.4758,262.62,94,98,0.9,RU,1715287104
478,lucapa,-8.4192,20.7447,296.31,50,96,1.66,AO,1715287105
479,uturoa,-16.7333,-151.4333,300.85,74,13,6.82,PF,1715287106
480,ilha de mocambique,-15.0342,40.7358,299.49,74,7,3.7,MZ,1715287106
481,palmer,42.1584,-72.3287,294.05,41,40,3.09,US,1715286985
482,lisakovsk,52.5369,62.4936,279.25,61,0,3.87,KZ,1715287107
483,manaure,11.7751,-72.4445,302.5,77,100,6.51,CO,1715287108
484,kosh-agach,50.0,88.6667,283.88,39,100,1.79,RU,1715286921
485,gambiran satu,-8.3939,114.1464,296.56,100,100,0.95,ID,1715287109
486,yunyang,33.4474,112.7142,290.21,81,7,2.41,CN,1715287110
487,yeed,4.55,43.0333,301.21,68,100,3.25,SO,1715287110
488,alta sierra,35.7291,-118.5495,290.81,20,0,2.39,US,1715287111
489,danjiangkou,32.5428,111.5086,292.19,76,3,1.83,CN,1715287112
490,pueblo,38.2545,-104.6091,286.24,44,100,3.6,US,1715287112
491,dryden,49.7833,-92.7503,288.31,25,0,2.57,CA,1715287113
492,alofi,-19.0595,-169.9187,298.09,78,20,3.09,NU,1715287113
493,christchurch,-43.5333,172.6333,279.0,86,5,1.54,NZ,1715286875
494,kindu,-2.95,25.95,295.14,99,100,1.02,CD,1715287114
495,bubaque,11.2833,-15.8333,299.55,75,70,2.17,GW,1715287115
496,camabatela,-8.1881,15.375,293.48,72,81,0.82,AO,1715287116
497,sena madureira,-9.0656,-68.6569,303.95,64,93,0.53,BR,1715287116
498,juneau,58.3019,-134.4197,282.27,95,100,13.89,US,1715286947
499,pangody,65.85,74.4859,273.96,98,100,11.54,RU,1715287117
500,kingscliff,-28.2667,153.5667,290.22,88,75,4.12,AU,1715287118
501,arraial do cabo,-22.9661,-42.0278,301.13,78,0,2.57,BR,1715287119
502,salalah,17.0151,54.0924,303.2,79,75,3.6,OM,1715287119
503,limon,10.0,-83.0333,304.85,74,40,3.6,CR,1715287023
504,revelstoke,50.9832,-118.2023,296.16,20,0,1.54,CA,1715287120
505,zarate,-34.0981,-59.0286,287.02,10,0,2.21,AR,1715287121
506,serra negra,-22.6122,-46.7006,293.58,64,67,1.34,BR,1715287122
507,pekan,3.4836,103.3996,300.21,91,99,1.42,MY,1715287122
508,contamana,-7.3333,-75.0167,301.96,76,100,1.28,PE,1715287123
509,siwa oasis,29.2041,25.5195,300.83,21,61,6.91,EG,1715287123
510,san andres,12.5847,-81.7006,305.16,70,20,5.14,CO,1715286707
511,tangalle,6.024,80.7911,299.22,90,98,2.99,LK,1715287125
512,olonets,60.9847,32.9698,272.1,77,4,2.64,RU,1715287125
513,jayapura,-2.5333,140.7,297.81,92,100,1.72,ID,1715287126
514,moree,-29.4667,149.85,288.88,74,99,3.42,AU,1715287126
515,yurimaguas,-5.9,-76.0833,304.24,70,75,2.06,PE,1715287127
516,kotabumi,-4.8333,104.9,297.46,95,9,1.91,ID,1715287128
517,phon charoen,18.0333,103.1667,302.08,82,100,2.83,TH,1715287128
518,shimoda,34.6667,138.95,283.21,70,0,1.23,JP,1715287130
519,kristiansund,63.1115,7.732,279.51,61,100,3.09,NO,1715287131
520,ikalamavony,-21.15,46.5833,290.56,79,47,3.27,MG,1715287131
521,inarajan village,13.2736,144.7484,301.23,92,29,6.26,GU,1715287132
522,mahibadhoo,3.7833,72.9667,302.34,76,100,4.89,MV,1715287133
523,waterford,42.7023,-83.4027,287.64,71,100,4.63,US,1715287133
524,ginir,7.1333,40.7,289.45,86,59,0.87,ET,1715287134
525,leh,34.1667,77.5833,271.46,46,48,2.98,IN,1715287134
526,mahabad,36.7631,45.7222,284.74,67,100,3.09,IR,1715287135
527,mizdah,31.4451,12.9801,289.45,50,0,5.58,LY,1715287136
528,bayan,46.0833,127.4,283.95,59,100,5.45,CN,1715287136
529,morehead city,34.7229,-76.726,301.48,78,0,9.77,US,1715287137
530,zhicheng,30.2956,111.5047,291.88,85,80,0.4,CN,1715287137
531,kasempa,-13.4584,25.8338,289.67,58,50,2.57,ZM,1715287138
532,argo,37.6333,22.7333,289.02,75,94,2.52,GR,1715287007
533,badiyah,22.45,58.8,304.98,52,0,3.03,OM,1715287139
534,al kharj,24.155,47.3346,299.47,20,36,5.59,SA,1715287140
535,debark',13.1561,37.8981,290.41,44,98,1.6,ET,1715287141
536,shenjiamen,29.9576,122.298,289.14,83,39,6.37,CN,1715287141
537,tsetserleg,47.475,101.4542,274.05,52,14,7.22,MN,1715287142
538,lukoyanov,55.0277,44.4786,272.09,82,75,5.6,RU,1715287142
539,antofagasta,-23.65,-70.4,289.75,79,100,3.03,CL,1715286936
540,prince rupert,54.3161,-130.3201,286.2,77,75,3.6,CA,1715287144
541,toktogul,41.8708,72.9402,292.33,51,71,1.18,KG,1715287144
542,pionerskiy,54.9508,20.2275,282.12,75,100,7.25,RU,1715287145
543,cascais,38.6979,-9.4215,294.79,76,0,2.68,PT,1715287146
544,homer,59.6425,-151.5483,279.09,64,100,4.02,US,1715287146
545,ascension,30.2169,-90.9001,307.15,66,40,4.63,US,1715287148
546,tenno,39.9,139.9667,286.25,74,69,8.08,JP,1715287148
547,rikaze,29.25,88.8833,281.51,49,100,1.92,CN,1715287149
548,zahedan,29.4963,60.8629,299.1,11,0,4.12,IR,1715286606
549,morant bay,17.8815,-76.4093,304.94,76,87,3.95,JM,1715287150
550,ancud,-41.8697,-73.8203,282.91,74,49,5.29,CL,1715287150
551,vega de alatorre,20.0333,-96.6333,310.95,39,24,7.04,MX,1715287151
552,belmonte,-15.8631,-38.8828,298.76,81,0,1.94,BR,1715287152
553,trelleborg,55.3751,13.1569,286.12,92,100,5.24,SE,1715287152
554,bechar,31.6167,-2.2167,301.33,10,40,2.06,DZ,1715287153
555,peace river,56.2501,-117.286,293.32,26,75,8.23,CA,1715287153
556,swan hill,-35.3378,143.5544,284.58,97,100,2.57,AU,1715287154
557,es castell,39.8795,4.2854,288.53,88,0,0.0,ES,1715287155
558,nyzhnya krynka,48.1135,38.1606,279.8,41,5,2.6,UA,1715287155
559,bichura,50.5881,107.6022,274.96,98,100,4.45,RU,1715287156
560,karratha,-20.7377,116.8463,295.19,37,44,5.09,AU,1715287157
561,nakhon thai,17.1006,100.8374,298.06,88,99,0.8,TH,1715287157
562,praia,14.9215,-23.5087,298.45,69,40,6.69,CV,1715287158
563,ustyuzhna,58.8394,36.4321,271.71,66,20,3.48,RU,1715287158
564,vikulovo,56.8167,70.6107,280.56,82,100,6.6,RU,1715287159
565,magadan,59.5667,150.8,272.89,88,73,1.29,RU,1715287160
566,ilhabela,-23.7781,-45.3581,297.83,92,24,4.13,BR,1715287160
567,malvan,16.0667,73.4667,299.99,83,7,2.99,IN,1715287161
568,littleborough,53.6458,-2.0968,289.9,80,93,0.58,GB,1715287161
569,chulym,55.0997,80.9572,288.17,64,100,5.92,RU,1715287163
570,bikenibeu village,1.3673,173.1241,301.13,89,40,2.06,KI,1715287163
571,vanino,49.0869,140.2543,280.33,56,1,2.42,RU,1715287164
572,araci,-11.3333,-38.9667,297.91,72,70,3.8,BR,1715287164
573,la sarre,48.8002,-79.1996,287.83,35,98,4.89,CA,1715286908
574,colares,38.7992,-9.4469,294.7,77,0,2.68,PT,1715287166
575,hassi messaoud,31.6804,6.0729,297.07,22,0,4.63,DZ,1715287166
576,ko pha ngan,9.7578,100.0291,300.44,73,66,3.84,TH,1715287167
577,sanctuary point,-35.1114,150.629,287.77,89,100,2.98,AU,1715287167
578,waddan,29.1614,16.139,293.79,36,1,4.89,LY,1715287168
579,pariaman,-0.619,100.12,300.18,86,100,1.63,ID,1715287169
580,kill devil hills,36.0307,-75.676,302.15,60,40,5.14,US,1715287044
581,choibalsan,48.0667,114.5,279.59,75,99,3.17,MN,1715287170
582,preobrazheniye,42.9019,133.9064,283.33,51,54,2.03,RU,1715287170
583,les avirons,-21.2418,55.3394,295.18,68,0,3.6,RE,1715287171
584,selfoss,63.9331,-20.9971,280.95,57,94,2.4,IS,1715287172
